{"aassnaulhq_1": 0.8845021724700928, "aayfryxljh_0": 0.2705620229244232, "acazlolrpz_1": 0.6905900239944458, "adohdulfwb_0": 0.11596802622079849, "aeysrmfmht_0": 0.47447651624679565, "ahjnxtiamx_1": 0.8149034976959229, "ajiyrjfyzp_0": 0.5776630640029907, "aktnlyqpah_1": 0.9632369875907898, "alrtntfxtd_1": 0.3590380549430847, "aomqqjipcp_1": 0.8915517330169678, "apvzjkvnwn_0": 0.016032449901103973, "aqrsylrzgi_1": 0.6136781573295593, "axfhbpkdlc_1": 0.7892847061157227, "ayipraspbn_0": 0.5907914042472839, "bcbqxhziqz_0": 0.3929465115070343, "bcvheslzrq_1": 0.6120225787162781, "bdshuoldwx_1": 0.449492484331131, "bfdopzvxbi_0": 0.6634813547134399, "bjyaxvggle_1": 0.9936749339103699, "bkcyglmfci_0": 0.5060169100761414, "bktkwbcawi_1": 0.9591420888900757, "bkuzquigyt_0": 0.14124245941638947, "blnmxntbey_0": 0.6993746161460876, "blszgmxkvu_0": 0.40648144483566284, "bnuwxhfahw_0": 0.38333210349082947, "bofrwgeyjo_1": 0.8543558716773987, "btdxnajogv_0": 0.08306897431612015, "bvpeerislp_0": 0.8665950894355774, "bwdmzwhdnw_1": 0.9654123187065125, "bzvzpwrabw_1": 0.6846487522125244, "cekarydqba_0": 0.3495427370071411, "cekwtyxdoo_1": 0.6417158842086792, "cjkctqqakb_1": 0.6883736252784729, "cnpanmywno_0": 0.5731812119483948, "cnxccbjlct_1": 0.9449781179428101, "coqwgzpbhx_1": 0.4100433588027954, "coujjnypba_1": 0.7695380449295044, "cqhwesrciw_1": 0.5438859462738037, "cqxxumarvp_0": 0.3110101819038391, "csnkohqxdv_1": 0.5194181203842163, "cxsvvnxpyz_0": 0.36030346155166626, "czfqlbcfpa_0": 0.060674089938402176, "dcqodpzomd_1": 0.6511838436126709, "ddtbarpcgo_0": 0.5676916837692261, "demuhxssgl_1": 0.8283299207687378, "didzujjhtg_0": 0.6870782375335693, "dkuqbduxev_1": 0.3412568271160126, "dmmvuaikkv_0": 0.8065281510353088, "dnmowthjcj_0": 0.18556459248065948, "doniqevxeg_0": 0.050738684833049774, "dozjwhnedd_1": 0.9942863583564758, "dpevefkefv_0": 0.021016299724578857, "dpmgoiwhuf_0": 0.12771038711071014, "dtozwcapoa_0": 0.40625065565109253, "dvkdfhrpph_1": 0.5201166272163391, "dvtpwatuja_0": 0.19658057391643524, "dvwpvqdflx_0": 0.5347745418548584, "dxfdovivlw_0": 0.5790290832519531, "dxgnpnowgk_0": 0.15573717653751373, "dyjklprkoc_1": 0.9063776731491089, "dzkyxbbqkr_0": 0.3760509788990021, "dzojiwfvba_0": 0.20109854638576508, "ecumyiowzs_1": 0.3744373023509979, "eisofhptvk_1": 0.9598711729049683, "ekboxwrwuv_1": 0.6570507287979126, "ekelfsnqof_0": 0.6347264647483826, "ekvwecwltj_0": 0.6655460596084595, "elackxuccp_0": 0.34105756878852844, "eqslzbqfea_1": 0.29537883400917053, "bfjsthfhbd_0": 0.6967491507530212, "cosghhimnd_0": 0.5378351211547852, "dsnxgrfdmd_0": 0.7265164256095886, "eryjktdexi_1": 0.7239513397216797, "frqfsucgao_0": 0.14011697471141815, "gpsxfxrjrr_0": 0.3181201219558716, "hsbwhlolsn_0": 0.012039200402796268, "ipvwtgdlre_1": 0.4306894838809967, "khpipxnsvx_1": 0.34252244234085083, "lpgxwdgnio_0": 0.3089766502380371, "ndikguxzek_1": 0.715966522693634, "oelqpetgwj_1": 0.8208315372467041, "pdufsewrec_0": 0.31195229291915894, "qlqhjcshpk_1": 0.9874600768089294, "rrrfjhugvb_1": 0.7648231387138367, "sodvtfqbpf_0": 0.36338818073272705, "txnmkabufs_0": 0.2375398725271225, "viteugozpv_0": 0.24547021090984344, "wfzjxzhdkj_0": 0.6934577822685242, "xugmhbetrw_0": 0.18744459748268127, "ytopzxrswu_1": 0.8863028287887573, "esjdyghhog_1": 0.9281284213066101, "esmqxszybs_1": 0.5337638854980469, "espkiocpxq_1": 0.5890190005302429, "etdliwticv_1": 0.9991828203201294, "evysmtpnrf_0": 0.4248690903186798, "eyguqfmgzh_0": 0.1222287192940712, "eywdmustbb_1": 0.9860628247261047, "famlupsgqm_1": 0.7913926839828491, "fddmkqjwsh_1": 0.6648619771003723, "fjrueenjyp_1": 0.9980383515357971, "fjxovgmwnm_0": 0.7959832549095154, "fkbjregizy_1": 0.6890937685966492, "fmhiujydwo_0": 0.450124055147171, "fmvvmcbdrw_1": 0.8140075206756592, "fnaajvgmwt_0": 0.7266004681587219, "fneqiqpqvs_0": 0.42174771428108215, "fnxgqcvlsd_1": 0.3055464029312134, "fopjiyxiqd_0": 0.5266870260238647, "fpevfidstw_0": 0.4686059057712555, "fqeebgwwfs_0": 0.7512903809547424, "fsdrwikhge_1": 0.554960310459137, "fwykevubzy_0": 0.38750380277633667, "fxuxxtryjn_1": 0.9082462191581726, "fzvpbrzssi_0": 0.6228904724121094, "gahgyuwzbu_0": 0.49557971954345703, "gbnzicjyhz_1": 0.9501631855964661, "gccnvdoknm_1": 0.9419934153556824, "gcdtglsoqj_0": 0.6453405022621155, "gfcycflhbo_1": 0.6714739203453064, "gfdjzwnpyp_1": 0.6062475442886353, "gfgcwxkbjd_0": 0.7230181097984314, "ggdpclfcgk_1": 0.8092718124389648, "ggzjfrirjh_0": 0.1128627136349678, "ghnpsltzyn_1": 0.9608291983604431, "gkutjglghz_1": 0.4533606171607971, "gochxzemmq_0": 0.6007866263389587, "gqnaxievjx_1": 0.5285956859588623, "gunamloolc_1": 0.7881857752799988, "halvwiltfs_1": 0.9121279120445251, "hbufmvbium_0": 0.3453553020954132, "hcanfkwivl_1": 0.7451730370521545, "hclsparpth_1": 0.6053304076194763, "hefisnapds_1": 0.5235475301742554, "heiyoojifp_0": 0.40135347843170166, "hevcclcklc_0": 0.8083736300468445, "hfsvqabzfq_1": 0.9133514165878296, "hicjuubiau_0": 0.3406752645969391, "hierggamuo_0": 0.1362013816833496, "hitfycdavv_1": 0.8328525424003601, "hlbrbkvyhr_1": 0.9973747730255127, "hmzdwqrkjc_1": 0.998384416103363, "hnfwagcxdf_1": 0.8083751201629639, "honxqdilvv_1": 0.7585933208465576, "hqzwudvhih_1": 0.5006071925163269, "hszwwswewp_0": 0.08103391528129578, "htzbnroagi_0": 0.52519291639328, "huvaxatous_1": 0.9961851239204407, "huvlwkxoxm_1": 0.4349529445171356, "hweshqpfwe_1": 0.9750977158546448, "hxwtsaydal_1": 0.7606135010719299, "hyjqolupxn_1": 0.49889764189720154, "hzoiotcykp_1": 0.8094244003295898, "hzssdinxec_1": 0.9698888659477234, "ibxfxggtqh_1": 0.41762715578079224, "icbsahlivv_1": 0.33358365297317505, "igpvrfjdzc_0": 0.6208488345146179, "ihglzxzroo_0": 0.7599400281906128, "iksxzpqxzi_0": 0.33616435527801514, "imdmhwkkni_1": 0.6704663634300232, "iorbtaarte_0": 0.6615418195724487, "ipkpxvwroe_1": 0.6879059672355652, "irqzdokcws_0": 0.6829546689987183, "itfsvvmslp_1": 0.9520432353019714, "iznnzjvaxc_1": 0.9160532355308533, "jawgcggquk_0": 0.31165266036987305, "jhczqfefgw_1": 0.8188803791999817, "jiavqbrkyk_0": 0.32704871892929077, "jiswxuqzyz_0": 0.3655453026294708, "jquevmhdvc_1": 0.502898097038269, "jsbpkpxwew_1": 0.9269427061080933, "jsysgmycsx_1": 0.8021966218948364, "jyfvaequfg_0": 0.007708880119025707, "jyoxdvxpza_0": 0.7597044110298157, "jytrvwlewz_0": 0.38335666060447693, "jzmzdispyo_0": 0.13641473650932312, "kcjvhgvhpt_1": 0.9979259371757507, "keioymnobc_0": 0.09777579456567764, "kezwvsxxzj_0": 0.6243597269058228, "kmcdjxmnoa_1": 0.796779453754425, "kmqkiihrmj_1": 0.38087165355682373, "knxltsvzyu_0": 0.015776993706822395, "kowiwvrjht_1": 0.9344574809074402, "kqlvggiqee_0": 0.3057815134525299, "kvmpmhdxly_0": 0.5369001626968384, "kwfdyqofzw_0": 0.7532770037651062, "lbfqksftuo_1": 0.9947383999824524, "lbigytrrtr_0": 0.6370500922203064, "lebzjtusnr_1": 0.7384027242660522, "lhvjzhjxdp_1": 0.8397682309150696, "ljauauuyka_0": 0.5539868474006653, "ljouzjaqqe_0": 0.0043084085918962955, "llplvmcvbl_0": 0.529298722743988, "lmdyicksrv_1": 0.2802056670188904, "lnhkjhyhvw_0": 0.361679345369339, "lnjkpdviqb_0": 0.44448816776275635, "lpkgabskbw_1": 0.8457126021385193, "lujvyveojc_0": 0.3255442678928375, "lyoslorecs_1": 0.3534282445907593, "mdfndlljvt_1": 0.8925912976264954, "mkmgcxaztt_0": 0.5968902707099915, "mkzaekkvej_0": 0.3353384733200073, "mllzkpgatp_1": 0.748695969581604, "mnowxangqx_1": 0.8568233251571655, "mnzabbkpmt_0": 0.041830118745565414, "mohiqoogpb_0": 0.4443085491657257, "mszblrdprw_1": 0.9834513068199158, "mwnibuujwz_0": 0.7355549931526184, "mwwploizlj_0": 0.32746151089668274, "mxahsihabr_1": 0.670380711555481, "mxlipjhmqk_0": 0.12175324559211731, "ncmpqwmnzb_0": 0.7212496995925903, "ncoeewrdlo_1": 0.8841235041618347, "nikynwcvuh_1": 0.6955491900444031, "njzshtfmcw_1": 0.5847488641738892, "nkhzxomani_1": 0.29602912068367004, "novarhxpbj_0": 0.4223238229751587, "nplviymzlg_1": 0.4017101526260376, "nswtvttxre_0": 0.1400940865278244, "nthpnwylxo_0": 0.40731579065322876, "nwvloufjty_1": 0.7693732976913452,