{"aassnaulhq_1": 0.5102736949920654, "aayfryxljh_0": 0.0009364165016449988, "acazlolrpz_1": 0.7795791029930115, "adohdulfwb_0": 0.03195422887802124, "aeysrmfmht_0": 0.9561594724655151, "ahjnxtiamx_1": 0.628723680973053, "ajiyrjfyzp_0": 0.4093029201030731, "aktnlyqpah_1": 0.7051097750663757, "alrtntfxtd_1": 0.4344991445541382, "aomqqjipcp_1": 0.7910515666007996, "apvzjkvnwn_0": 0.406904399394989, "aqrsylrzgi_1": 0.48553037643432617, "axfhbpkdlc_1": 0.7916693687438965, "ayipraspbn_0": 0.10197220742702484, "bcbqxhziqz_0": 0.1929788440465927, "bcvheslzrq_1": 0.03177754953503609, "bdshuoldwx_1": 0.4477819502353668, "bfdopzvxbi_0": 0.47140106558799744, "bjyaxvggle_1": 0.9949911236763, "bkcyglmfci_0": 0.5702503323554993, "bktkwbcawi_1": 0.7556533217430115, "bkuzquigyt_0": 0.06989310681819916, "blnmxntbey_0": 0.6060597896575928, "blszgmxkvu_0": 0.17704617977142334, "bnuwxhfahw_0": 0.18828654289245605, "bofrwgeyjo_1": 0.9369102120399475, "btdxnajogv_0": 0.28091558814048767, "bvpeerislp_0": 0.42407023906707764, "bwdmzwhdnw_1": 0.41095075011253357, "bzvzpwrabw_1": 0.9210523962974548, "cekarydqba_0": 0.04874132573604584, "cekwtyxdoo_1": 0.6783825159072876, "cjkctqqakb_1": 0.7102582454681396, "cnpanmywno_0": 0.16298110783100128, "cnxccbjlct_1": 0.8861249685287476, "coqwgzpbhx_1": 0.34961631894111633, "coujjnypba_1": 0.8669113516807556, "cqhwesrciw_1": 0.38357698917388916, "cqxxumarvp_0": 0.08830896019935608, "csnkohqxdv_1": 0.6994524598121643, "cxsvvnxpyz_0": 0.19114385545253754, "czfqlbcfpa_0": 0.0445295050740242, "dcqodpzomd_1": 0.8067747950553894, "ddtbarpcgo_0": 0.7239358425140381, "demuhxssgl_1": 0.6764181852340698, "didzujjhtg_0": 0.12918566167354584, "dkuqbduxev_1": 0.4094441533088684, "dmmvuaikkv_0": 0.7181550860404968, "dnmowthjcj_0": 0.4843028783798218, "doniqevxeg_0": 0.5723235011100769, "dozjwhnedd_1": 0.9856425523757935, "dpevefkefv_0": 0.4141881465911865, "dpmgoiwhuf_0": 0.16044817864894867, "dtozwcapoa_0": 0.04693572223186493, "dvkdfhrpph_1": 0.4670664072036743, "dvtpwatuja_0": 0.36669161915779114, "dvwpvqdflx_0": 0.5921046137809753, "dxfdovivlw_0": 0.6039771437644958, "dxgnpnowgk_0": 0.004108702298253775, "dyjklprkoc_1": 0.4498700797557831, "dzkyxbbqkr_0": 0.06987345218658447, "dzojiwfvba_0": 0.02673272043466568, "ecumyiowzs_1": 0.5018004179000854, "eisofhptvk_1": 0.8251886367797852, "ekboxwrwuv_1": 0.9834272265434265, "ekelfsnqof_0": 0.6125710010528564, "ekvwecwltj_0": 0.372373104095459, "elackxuccp_0": 0.3934118449687958, "eqslzbqfea_1": 0.20774295926094055, "bfjsthfhbd_0": 0.6471087336540222, "cosghhimnd_0": 0.3732491433620453, "dsnxgrfdmd_0": 0.1686301976442337, "eryjktdexi_1": 0.5238187313079834, "frqfsucgao_0": 0.11613353341817856, "gpsxfxrjrr_0": 0.056536585092544556, "hsbwhlolsn_0": 0.25130802392959595, "ipvwtgdlre_1": 0.8729665279388428, "khpipxnsvx_1": 0.26503968238830566, "lpgxwdgnio_0": 0.0058824908919632435, "ndikguxzek_1": 0.6030824780464172, "oelqpetgwj_1": 0.8793763518333435, "pdufsewrec_0": 0.24886539578437805, "qlqhjcshpk_1": 0.6871635913848877, "rrrfjhugvb_1": 0.7096797227859497, "sodvtfqbpf_0": 0.17392709851264954, "txnmkabufs_0": 0.04096272960305214, "viteugozpv_0": 0.014369633980095387, "wfzjxzhdkj_0": 0.5446580052375793, "xugmhbetrw_0": 0.07313590496778488, "ytopzxrswu_1": 0.5205868482589722, "esjdyghhog_1": 0.9059453010559082, "esmqxszybs_1": 0.7922319173812866, "espkiocpxq_1": 0.9580913782119751, "etdliwticv_1": 0.9818899035453796, "evysmtpnrf_0": 0.2495805323123932, "eyguqfmgzh_0": 0.0025650067254900932, "eywdmustbb_1": 0.9437943696975708, "famlupsgqm_1": 0.6128029227256775, "fddmkqjwsh_1": 0.9681017994880676, "fjrueenjyp_1": 0.9906408190727234, "fjxovgmwnm_0": 0.5954738259315491, "fkbjregizy_1": 0.6452616453170776, "fmhiujydwo_0": 0.20113977789878845, "fmvvmcbdrw_1": 0.5855879783630371, "fnaajvgmwt_0": 0.06701846420764923, "fneqiqpqvs_0": 0.17109382152557373, "fnxgqcvlsd_1": 0.4218170940876007, "fopjiyxiqd_0": 0.31485870480537415, "fpevfidstw_0": 0.0761420950293541, "fqeebgwwfs_0": 0.7381013631820679, "fsdrwikhge_1": 0.4777211844921112, "fwykevubzy_0": 0.283927857875824, "fxuxxtryjn_1": 0.5554788708686829, "fzvpbrzssi_0": 0.5187386274337769, "gahgyuwzbu_0": 0.1269271969795227, "gbnzicjyhz_1": 0.9312536120414734, "gccnvdoknm_1": 0.8846946954727173, "gcdtglsoqj_0": 0.4260924756526947, "gfcycflhbo_1": 0.7397934794425964, "gfdjzwnpyp_1": 0.9303493499755859, "gfgcwxkbjd_0": 0.2758796215057373, "ggdpclfcgk_1": 0.9972391128540039, "ggzjfrirjh_0": 0.03725365549325943, "ghnpsltzyn_1": 0.7398450374603271, "gkutjglghz_1": 0.33432069420814514, "gochxzemmq_0": 0.18468217551708221, "gqnaxievjx_1": 0.3837195336818695, "gunamloolc_1": 0.8340782523155212, "halvwiltfs_1": 0.8400490880012512, "hbufmvbium_0": 0.19529548287391663, "hcanfkwivl_1": 0.9920854568481445, "hclsparpth_1": 0.9346281886100769, "hefisnapds_1": 0.42312154173851013, "heiyoojifp_0": 0.6963592767715454, "hevcclcklc_0": 0.47204896807670593, "hfsvqabzfq_1": 0.8122546076774597, "hicjuubiau_0": 0.5267952084541321, "hierggamuo_0": 0.0050974213518202305, "hitfycdavv_1": 0.5275654792785645, "hlbrbkvyhr_1": 0.5463358759880066, "hmzdwqrkjc_1": 0.9912348985671997, "hnfwagcxdf_1": 0.9851852655410767, "honxqdilvv_1": 0.6785876750946045, "hqzwudvhih_1": 0.979929506778717, "hszwwswewp_0": 0.5068728923797607, "htzbnroagi_0": 0.40466946363449097, "huvaxatous_1": 0.030109472572803497, "huvlwkxoxm_1": 0.18714283406734467, "hweshqpfwe_1": 0.894029438495636, "hxwtsaydal_1": 0.7095595002174377, "hyjqolupxn_1": 0.621634840965271, "hzoiotcykp_1": 0.7916598916053772, "hzssdinxec_1": 0.31304317712783813, "ibxfxggtqh_1": 0.3005649149417877, "icbsahlivv_1": 0.805533766746521, "igpvrfjdzc_0": 0.24912570416927338, "ihglzxzroo_0": 0.4158162474632263, "iksxzpqxzi_0": 0.008791223168373108, "imdmhwkkni_1": 0.6667179465293884, "iorbtaarte_0": 0.13040299713611603, "ipkpxvwroe_1": 0.7780416011810303, "irqzdokcws_0": 0.3444496989250183, "itfsvvmslp_1": 0.7241789698600769, "iznnzjvaxc_1": 0.872990608215332, "jawgcggquk_0": 0.2788662910461426, "jhczqfefgw_1": 0.7159320712089539, "jiavqbrkyk_0": 0.08702518045902252, "jiswxuqzyz_0": 0.042638204991817474, "jquevmhdvc_1": 0.4838556945323944, "jsbpkpxwew_1": 0.766549289226532, "jsysgmycsx_1": 0.7881524562835693, "jyfvaequfg_0": 0.005299557466059923, "jyoxdvxpza_0": 0.3911248743534088, "jytrvwlewz_0": 0.2814421057701111, "jzmzdispyo_0": 0.030921045690774918, "kcjvhgvhpt_1": 0.99134761095047, "keioymnobc_0": 0.0028900355100631714, "kezwvsxxzj_0": 0.5656892657279968, "kmcdjxmnoa_1": 0.2832959294319153, "kmqkiihrmj_1": 0.388101726770401, "knxltsvzyu_0": 0.19758540391921997, "kowiwvrjht_1": 0.7184843420982361, "kqlvggiqee_0": 0.23368626832962036, "kvmpmhdxly_0": 0.42017048597335815, "kwfdyqofzw_0": 0.4472041130065918, "lbfqksftuo_1": 0.9752259850502014, "lbigytrrtr_0": 0.20569899678230286, "lebzjtusnr_1": 0.5233767628669739, "lhvjzhjxdp_1": 0.9811139702796936, "ljauauuyka_0": 0.15692107379436493, "ljouzjaqqe_0": 0.004666108172386885, "llplvmcvbl_0": 0.48945003747940063, "lmdyicksrv_1": 0.37517639994621277, "lnhkjhyhvw_0": 0.21467117965221405, "lnjkpdviqb_0": 0.6026859879493713, "lpkgabskbw_1": 0.9820920825004578, "lujvyveojc_0": 0.2584100663661957, "lyoslorecs_1": 0.2851800322532654, "mdfndlljvt_1": 0.9934414029121399, "mkmgcxaztt_0": 0.08999259024858475, "mkzaekkvej_0": 0.18385851383209229, "mllzkpgatp_1": 0.8600197434425354, "mnowxangqx_1": 0.34563392400741577, "mnzabbkpmt_0": 0.37773266434669495, "mohiqoogpb_0": 0.002238835208117962, "mszblrdprw_1": 0.7851623296737671, "mwnibuujwz_0": 0.27184635400772095, "mwwploizlj_0": 0.18424953520298004, "mxahsihabr_1": 0.1568327099084854, "mxlipjhmqk_0": 0.014485109597444534, "ncmpqwmnzb_0": 0.4432513117790222, "ncoeewrdlo_1": 0.4221140742301941, "nikynwcvuh_1": 0.9167436361312866, "njzshtfmcw_1": 0.9801835417747498, "nkhzxomani_1": 0.5240355730056763, "novarhxpbj_0": 0.1827116757631302, "nplviymzlg_1": 0.5756005048751831, "nswtvttxre_0": 0.4795970618724823, "nthpnwylxo_0": 0.042007479816675186,