{"aassnaulhq_1": 0.7384564876556396, "aayfryxljh_0": 0.08383414149284363, "acazlolrpz_1": 0.7237169146537781, "adohdulfwb_0": 0.010532299987971783, "aeysrmfmht_0": 0.2824702858924866, "ahjnxtiamx_1": 0.8238155841827393, "ajiyrjfyzp_0": 0.5539526343345642, "aktnlyqpah_1": 0.955664336681366, "alrtntfxtd_1": 0.06071370840072632, "aomqqjipcp_1": 0.9903667569160461, "apvzjkvnwn_0": 0.0003303268749732524, "aqrsylrzgi_1": 0.8086659908294678, "axfhbpkdlc_1": 0.96608966588974, "ayipraspbn_0": 0.5406680703163147, "bcbqxhziqz_0": 0.0795663595199585, "bcvheslzrq_1": 0.6317733526229858, "bdshuoldwx_1": 0.10348663479089737, "bfdopzvxbi_0": 0.5877017378807068, "bjyaxvggle_1": 0.9388895034790039, "bkcyglmfci_0": 0.5645090937614441, "bktkwbcawi_1": 0.9998686909675598, "bkuzquigyt_0": 0.1572665572166443, "blnmxntbey_0": 0.6868763566017151, "blszgmxkvu_0": 0.08534260094165802, "bnuwxhfahw_0": 0.20036785304546356, "bofrwgeyjo_1": 0.9802975058555603, "btdxnajogv_0": 0.007372233550995588, "bvpeerislp_0": 0.6013570427894592, "bwdmzwhdnw_1": 0.9817431569099426, "bzvzpwrabw_1": 0.9323634505271912, "cekarydqba_0": 0.16778908669948578, "cekwtyxdoo_1": 0.6935129761695862, "cjkctqqakb_1": 0.6855692267417908, "cnpanmywno_0": 0.23606599867343903, "cnxccbjlct_1": 0.7894818782806396, "coqwgzpbhx_1": 0.0853915736079216, "coujjnypba_1": 0.9638955593109131, "cqhwesrciw_1": 0.3788839280605316, "cqxxumarvp_0": 0.1999867558479309, "csnkohqxdv_1": 0.5082316994667053, "cxsvvnxpyz_0": 0.1291045844554901, "czfqlbcfpa_0": 0.013591105118393898, "dcqodpzomd_1": 0.7361356616020203, "ddtbarpcgo_0": 0.6962795257568359, "demuhxssgl_1": 0.8389977812767029, "didzujjhtg_0": 0.12968896329402924, "dkuqbduxev_1": 0.12139668315649033, "dmmvuaikkv_0": 0.4116053283214569, "dnmowthjcj_0": 0.10304580628871918, "doniqevxeg_0": 0.01466725766658783, "dozjwhnedd_1": 0.9443715214729309, "dpevefkefv_0": 0.0022993905004113913, "dpmgoiwhuf_0": 0.15855589509010315, "dtozwcapoa_0": 0.11647379398345947, "dvkdfhrpph_1": 0.9151256680488586, "dvtpwatuja_0": 0.10935412347316742, "dvwpvqdflx_0": 0.396107017993927, "dxfdovivlw_0": 0.6521703600883484, "dxgnpnowgk_0": 0.016788659617304802, "dyjklprkoc_1": 0.9623300433158875, "dzkyxbbqkr_0": 0.4719608724117279, "dzojiwfvba_0": 0.06494418531656265, "ecumyiowzs_1": 0.32891514897346497, "eisofhptvk_1": 0.9960021376609802, "ekboxwrwuv_1": 0.7199872136116028, "ekelfsnqof_0": 0.28982993960380554, "ekvwecwltj_0": 0.6329140067100525, "elackxuccp_0": 0.20038503408432007, "eqslzbqfea_1": 0.1761123239994049, "bfjsthfhbd_0": 0.7479526400566101, "cosghhimnd_0": 0.3748601973056793, "dsnxgrfdmd_0": 0.13888977468013763, "eryjktdexi_1": 0.7016003727912903, "frqfsucgao_0": 0.11754212528467178, "gpsxfxrjrr_0": 0.36613693833351135, "hsbwhlolsn_0": 0.0007178576779551804, "ipvwtgdlre_1": 0.40198954939842224, "khpipxnsvx_1": 0.09386330097913742, "lpgxwdgnio_0": 0.14910906553268433, "ndikguxzek_1": 0.9960283041000366, "oelqpetgwj_1": 0.9527626037597656, "pdufsewrec_0": 0.031563058495521545, "qlqhjcshpk_1": 0.9362887144088745, "rrrfjhugvb_1": 0.7805716395378113, "sodvtfqbpf_0": 0.5721051096916199, "txnmkabufs_0": 0.11225388944149017, "viteugozpv_0": 0.1368286907672882, "wfzjxzhdkj_0": 0.5785366892814636, "xugmhbetrw_0": 0.0039199888706207275, "ytopzxrswu_1": 0.9937229156494141, "esjdyghhog_1": 0.8404349684715271, "esmqxszybs_1": 0.5097803473472595, "espkiocpxq_1": 0.6824541687965393, "etdliwticv_1": 0.9783470630645752, "evysmtpnrf_0": 0.029232148081064224, "eyguqfmgzh_0": 0.20970845222473145, "eywdmustbb_1": 0.9902969002723694, "famlupsgqm_1": 0.7548338770866394, "fddmkqjwsh_1": 0.9932813048362732, "fjrueenjyp_1": 0.9964908957481384, "fjxovgmwnm_0": 0.39623814821243286, "fkbjregizy_1": 0.4298189878463745, "fmhiujydwo_0": 0.3213053047657013, "fmvvmcbdrw_1": 0.9248573780059814, "fnaajvgmwt_0": 0.28230351209640503, "fneqiqpqvs_0": 0.10517062246799469, "fnxgqcvlsd_1": 0.20335827767848969, "fopjiyxiqd_0": 0.3009229302406311, "fpevfidstw_0": 0.2453427016735077, "fqeebgwwfs_0": 0.7453466057777405, "fsdrwikhge_1": 0.35364246368408203, "fwykevubzy_0": 0.1499347984790802, "fxuxxtryjn_1": 0.9785549640655518, "fzvpbrzssi_0": 0.5829604268074036, "gahgyuwzbu_0": 0.16741739213466644, "gbnzicjyhz_1": 0.9996763467788696, "gccnvdoknm_1": 0.9874266386032104, "gcdtglsoqj_0": 0.5782138705253601, "gfcycflhbo_1": 0.9441839456558228, "gfdjzwnpyp_1": 0.5751094818115234, "gfgcwxkbjd_0": 0.22189851105213165, "ggdpclfcgk_1": 0.972503125667572, "ggzjfrirjh_0": 0.04171266034245491, "ghnpsltzyn_1": 0.8413275480270386, "gkutjglghz_1": 0.12583550810813904, "gochxzemmq_0": 0.13273312151432037, "gqnaxievjx_1": 0.3702256977558136, "gunamloolc_1": 0.8868772387504578, "halvwiltfs_1": 0.7550299167633057, "hbufmvbium_0": 0.08417856693267822, "hcanfkwivl_1": 0.9984657168388367, "hclsparpth_1": 0.8856970071792603, "hefisnapds_1": 0.4884132444858551, "heiyoojifp_0": 0.2359824776649475, "hevcclcklc_0": 0.4091395139694214, "hfsvqabzfq_1": 0.8381381630897522, "hicjuubiau_0": 0.49290478229522705, "hierggamuo_0": 0.014108897186815739, "hitfycdavv_1": 0.7786837220191956, "hlbrbkvyhr_1": 0.9944284558296204, "hmzdwqrkjc_1": 0.9999097585678101, "hnfwagcxdf_1": 0.5506435632705688, "honxqdilvv_1": 0.7653248906135559, "hqzwudvhih_1": 0.7002917528152466, "hszwwswewp_0": 0.0073946574702858925, "htzbnroagi_0": 0.5068775415420532, "huvaxatous_1": 0.9996065497398376, "huvlwkxoxm_1": 0.21762272715568542, "hweshqpfwe_1": 0.9882689118385315, "hxwtsaydal_1": 0.7836124300956726, "hyjqolupxn_1": 0.48020312190055847, "hzoiotcykp_1": 0.8903573751449585, "hzssdinxec_1": 0.9857836365699768, "ibxfxggtqh_1": 0.07676894962787628, "icbsahlivv_1": 0.12931092083454132, "igpvrfjdzc_0": 0.330405056476593, "ihglzxzroo_0": 0.6464528441429138, "iksxzpqxzi_0": 0.6489555835723877, "imdmhwkkni_1": 0.5557453036308289, "iorbtaarte_0": 0.06362377107143402, "ipkpxvwroe_1": 0.724262535572052, "irqzdokcws_0": 0.6673341989517212, "itfsvvmslp_1": 0.9736390709877014, "iznnzjvaxc_1": 0.5856528878211975, "jawgcggquk_0": 0.34494999051094055, "jhczqfefgw_1": 0.7758521437644958, "jiavqbrkyk_0": 0.3500524163246155, "jiswxuqzyz_0": 0.020442377775907516, "jquevmhdvc_1": 0.4130849540233612, "jsbpkpxwew_1": 0.9797376394271851, "jsysgmycsx_1": 0.7808257937431335, "jyfvaequfg_0": 0.0027073228266090155, "jyoxdvxpza_0": 0.6179945468902588, "jytrvwlewz_0": 0.4052294194698334, "jzmzdispyo_0": 0.39887869358062744, "kcjvhgvhpt_1": 0.9322226643562317, "keioymnobc_0": 0.13507577776908875, "kezwvsxxzj_0": 0.6192130446434021, "kmcdjxmnoa_1": 0.9058063626289368, "kmqkiihrmj_1": 0.09768727421760559, "knxltsvzyu_0": 0.00048486696323379874, "kowiwvrjht_1": 0.7249237895011902, "kqlvggiqee_0": 0.43609902262687683, "kvmpmhdxly_0": 0.36545804142951965, "kwfdyqofzw_0": 0.3159571588039398, "lbfqksftuo_1": 0.9999894499778748, "lbigytrrtr_0": 0.21055099368095398, "lebzjtusnr_1": 0.7894481420516968, "lhvjzhjxdp_1": 0.9811146855354309, "ljauauuyka_0": 0.06639879941940308, "ljouzjaqqe_0": 0.005916976369917393, "llplvmcvbl_0": 0.6384378671646118, "lmdyicksrv_1": 0.1637665182352066, "lnhkjhyhvw_0": 0.2775592505931854, "lnjkpdviqb_0": 0.2692762315273285, "lpkgabskbw_1": 0.9390116333961487, "lujvyveojc_0": 0.07517595589160919, "lyoslorecs_1": 0.08957002311944962, "mdfndlljvt_1": 0.9503742456436157, "mkmgcxaztt_0": 0.018321443349123, "mkzaekkvej_0": 0.08688248693943024, "mllzkpgatp_1": 0.8849442005157471, "mnowxangqx_1": 0.9355396032333374, "mnzabbkpmt_0": 0.011390212923288345, "mohiqoogpb_0": 0.3155832588672638, "mszblrdprw_1": 0.9969199895858765, "mwnibuujwz_0": 0.03406564146280289, "mwwploizlj_0": 0.06727426499128342, "mxahsihabr_1": 0.665764570236206, "mxlipjhmqk_0": 0.05824188143014908, "ncmpqwmnzb_0": 0.47198086977005005, "ncoeewrdlo_1": 0.9895514249801636, "nikynwcvuh_1": 0.8648794889450073, "njzshtfmcw_1": 0.7406224012374878, "nkhzxomani_1": 0.05691796541213989, "novarhxpbj_0": 0.13610869646072388, "nplviymzlg_1": 0.1931985765695572, "nswtvttxre_0": 0.09417901188135147, "nthpnwylxo_0": 0.4607918858528137,